<?xml version="1.0" encoding="UTF-8"?>
<beans xmlns="http://www.springframework.org/schema/beans"
	xmlns:context="http://www.springframework.org/schema/context"
	xmlns:xsi="http://www.w3.org/2001/XMLSchema-instance"
	xmlns:p="http://www.springframework.org/schema/p"
	xsi:schemaLocation="http://www.springframework.org/schema/beans
		http://www.springframework.org/schema/beans/spring-beans.xsd
		http://www.springframework.org/schema/context
		http://www.springframework.org/schema/context/spring-context.xsd">

	<context:property-placeholder location="com/example/annotation/di/application.properties"  />	

	<context:component-scan base-package="com.example.annotation.di" />
	
	<bean id="homeAddress" class="com.example.annotation.di.Address">
		<property name="city" value="Bangalore" />
		<property name="state" value="KA" />
	</bean>

	<bean id="officeAddress" class="com.example.annotation.di.Address">
		<property name="city" value="Hyderabad" />
		<property name="state" value="TS" />
	</bean>
	
	<bean id="luxuryAddress" class="com.example.annotation.di.Address">
		<property name="city" value="Mysore" />
		<property name="state" value="KA" />
	</bean>
	

</beans>
