<?xml version="1.0" encoding="UTF-8"?>
<beans xmlns="http://www.springframework.org/schema/beans"
	   xmlns:context="http://www.springframework.org/schema/context"
	xmlns:xsi="http://www.w3.org/2001/XMLSchema-instance"
	xmlns:p="http://www.springframework.org/schema/p"
	xsi:schemaLocation="http://www.springframework.org/schema/beans
		http://www.springframework.org/schema/beans/spring-beans.xsd
		http://www.springframework.org/schema/context
		http://www.springframework.org/schema/context/spring-context.xsd">
		
	<context:property-placeholder location="com/example/property/file/data.properties,com/example/property/file/application.properties"  />	

	<!--  bean
		class="org.springframework.beans.factory.config.PropertyPlaceholderConfigurer">
		<property name="locations">
			<array>
				<value>com/example/property/file/data.properties</value>
				<value>com/example/property/file/application.properties</value>
			</array>
		</property>
		<property name="location"> <value>com/example/property/file/application.properties</value> 
			</property>
	</bean-->

	<bean id="greetService"
		class="com.example.property.file.GreetService">
		<property name="greeting">
			<value>${user.greeting}</value>
		</property>
	</bean>

</beans>
