<?xml version="1.0" encoding="UTF-8"?>
<beans xmlns="http://www.springframework.org/schema/beans"
	xmlns:xsi="http://www.w3.org/2001/XMLSchema-instance"
	xmlns:p="http://www.springframework.org/schema/p"
	xsi:schemaLocation="http://www.springframework.org/schema/beans
		http://www.springframework.org/schema/beans/spring-beans.xsd">

	<!-->bean id="employeeService" class="com.example.di.EmployeeService"> <constructor-arg> 
		<ref bean="employeeDAO" /> </constructor-arg> </bean -->

	<!-->bean id="employeeService" class="com.example.di.EmployeeService"> <constructor-arg> 
		<value>Simple Employee Management Utility</value> </constructor-arg> <property 
		name="employeeDAO"> <ref bean="employeeDAO" /> </property> </bean -->


	<!-- >bean id="employeeService" class="com.example.di.EmployeeService"> 
		<constructor-arg> <value>Simple Employee Management Utility</value> </constructor-arg> 
		<constructor-arg> <ref bean="employeeDAO" /> </constructor-arg> </bean -->

	<bean id="employeeService" class="com.example.di.EmployeeService">
		<constructor-arg index="1">
			<ref bean="employeeDAO" />
		</constructor-arg>
		<constructor-arg index="0" type="java.lang.String">
			<value>Simple Employee Management Utility</value>
		</constructor-arg>
		<property name="version">
			<value>2.0</value>
		</property>
	</bean>

	<!--  bean id="employeeDAO" class="com.example.di.EmployeeDAO" / -->
	
	<bean id="employeeDAO" class="com.example.di.EmployeeDAO">
		<property name="drivers">
			<array>
				<value>Mysql driver</value>
				<value>Oracle driver</value>
				<value>DB2 driver</value>
			</array>
		</property>
		<property name="languages">
			<list>
				<value>SQL</value>
				<value>HQL</value>
				<value>OOQL</value>
			</list>
		</property>
	</bean>
	
</beans>
